{
  "best_performers": {
    "macro_f1": {
      "model": "model_b",
      "value": 0.8061841017978937
    },
    "macro_precision": {
      "model": "model_c",
      "value": "0.80837536"
    },
    "macro_recall": {
      "model": "model_e",
      "value": "0.8991542"
    },
    "hamming_accuracy": {
      "model": "model_b",
      "value": 0.9187775330396476
    },
    "exact_match_accuracy": {
      "model": "model_b",
      "value": 0.7772577092511013
    }
  },
  "ranking_table": "   Rank    Model  Macro F1  Macro Precision  Macro Recall  Hamming Accuracy  Exact Match  Damage F1  Occlusion F1   Crop F1  Training Time (h)  Best Epoch  Val Loss Ratio\n1     1  model_b  0.806184         0.803827      0.808703          0.918778     0.777258   0.646930      0.803069  0.968553           1.258383          21        0.954724\n3     2  model_d  0.789291         0.778346      0.801094          0.916208     0.773678   0.643516      0.800346  0.924012           1.408325          22        0.787367\n2     3  model_c  0.786595         0.808375      0.766569          0.918594     0.774780   0.635993      0.795222  0.928571           1.311747          20        0.747666\n7     4  model_h  0.778668         0.787973      0.772374          0.907305     0.742566   0.607086      0.769928  0.958991           2.994348          37        0.849010\n6     5  model_g  0.767224         0.771722      0.764457          0.904369     0.736233   0.603814      0.758560  0.939297           3.131372          49        0.858112\n5     6  model_f  0.424797         0.415298      0.523567          0.780286     0.457324   0.497185      0.667315  0.109890           0.243649           3        0.925367\n4     7  model_e  0.350010         0.238254      0.899154          0.451817     0.051487   0.465352      0.493982  0.090696           0.211824           1        0.615130\n0     8  model_a  0.344147         0.257633      0.818220          0.444750     0.037170   0.416812      0.530051  0.085577           0.146569           1        0.389299",
  "statistical_summary": {
    "damage_f1": {
      "mean": 0.5645859295551046,
      "std": 0.08491317124983741,
      "min": 0.41681174239871865,
      "max": 0.6469298215160446,
      "range": 0.23011807911732596
    },
    "damage_tp": {
      "mean": 638.875,
      "std": 112.33147099099166,
      "min": 546.0,
      "max": 838.0,
      "range": 292.0
    },
    "damage_fp": {
      "mean": 845.5,
      "std": 726.9303611763647,
      "min": 275.0,
      "max": 2287.0,
      "range": 2012.0
    },
    "damage_fn": {
      "mean": 257.125,
      "std": 112.33147099099166,
      "min": 58.0,
      "max": 350.0,
      "range": 292.0
    },
    "damage_tn": {
      "mean": 1890.5,
      "std": 726.9303611763647,
      "min": 449.0,
      "max": 2461.0,
      "range": 2012.0
    },
    "damage_support": {
      "mean": 896.0,
      "std": 0.0,
      "min": 896.0,
      "max": 896.0,
      "range": 0.0
    },
    "occlusion_f1": {
      "mean": 0.702309044726904,
      "std": 0.11748967085334268,
      "min": 0.4939822060324065,
      "max": 0.8030690472598891,
      "range": 0.30908684122748264
    },
    "occlusion_tp": {
      "mean": 429.75,
      "std": 46.80210999517009,
      "min": 343.0,
      "max": 472.0,
      "range": 129.0
    },
    "occlusion_fp": {
      "mean": 243.375,
      "std": 253.54878105603268,
      "min": 94.0,
      "max": 854.0,
      "range": 760.0
    },
    "occlusion_fn": {
      "mean": 155.25,
      "std": 46.80210999517009,
      "min": 113.0,
      "max": 242.0,
      "range": 129.0
    },
    "occlusion_tn": {
      "mean": 2803.625,
      "std": 253.54878105603268,
      "min": 2193.0,
      "max": 2953.0,
      "range": 760.0
    },
    "occlusion_support": {
      "mean": 585.0,
      "std": 0.0,
      "min": 585.0,
      "max": 585.0,
      "range": 0.0
    },
    "crop_f1": {
      "mean": 0.6256985775691213,
      "std": 0.4110530057063728,
      "min": 0.08557749818919674,
      "max": 0.9685534366177473,
      "range": 0.8829759384285505
    },
    "crop_tp": {
      "mean": 137.625,
      "std": 31.535446326316677,
      "min": 55.0,
      "max": 155.0,
      "range": 100.0
    },
    "crop_fp": {
      "mean": 870.625,
      "std": 1295.1068428415472,
      "min": 4.0,
      "max": 3103.0,
      "range": 3099.0
    },
    "crop_fn": {
      "mean": 22.375,
      "std": 31.535446326316677,
      "min": 5.0,
      "max": 105.0,
      "range": 100.0
    },
    "crop_tn": {
      "mean": 2601.375,
      "std": 1295.1068428415472,
      "min": 369.0,
      "max": 3468.0,
      "range": 3099.0
    },
    "crop_support": {
      "mean": 160.0,
      "std": 0.0,
      "min": 160.0,
      "max": 160.0,
      "range": 0.0
    },
    "exact_match_accuracy": {
      "mean": 0.5438119493392071,
      "std": 0.3049101546544987,
      "min": 0.03716960352422907,
      "max": 0.7772577092511013,
      "range": 0.7400881057268722
    },
    "hamming_accuracy": {
      "mean": 0.7802633994126285,
      "std": 0.1964656703625463,
      "min": 0.4447503671071953,
      "max": 0.9187775330396476,
      "range": 0.4740271659324523
    },
    "macro_f1": {
      "mean": 0.63086451728371,
      "std": 0.2012703454230294,
      "min": 0.3441466447713295,
      "max": 0.8061841017978937,
      "range": 0.4620374570265642
    },
    "micro_f1": {
      "mean": 0.580989844017589,
      "std": 0.17502196799031475,
      "min": 0.30809699664951906,
      "max": 0.7330316996467496,
      "range": 0.4249347029972306
    },
    "weighted_precision": {
      "mean": 0.5866619052704807,
      "std": 0.17528133017168238,
      "min": 0.3014673485144255,
      "max": 0.7403321495730292,
      "range": 0.43886480105860365
    },
    "weighted_recall": {
      "mean": 0.7350700861665986,
      "std": 0.0819292216572275,
      "min": 0.5923217638173821,
      "max": 0.8854357140373703,
      "range": 0.2931139502199882
    },
    "weighted_f1": {
      "mean": 0.6196414116134503,
      "std": 0.1259464232249237,
      "min": 0.42488444651387947,
      "max": 0.7339506779916214,
      "range": 0.3090662314777419
    },
    "damage_auc": {
      "mean": 0.7873593794871293,
      "std": 0.06962360203844235,
      "min": 0.6442365271903717,
      "max": 0.8530815972222221,
      "range": 0.20884507003185038
    },
    "occlusion_auc": {
      "mean": 0.9052442994229998,
      "std": 0.049565783296084825,
      "min": 0.8119242971228531,
      "max": 0.9505861166510986,
      "range": 0.13866181952824552
    },
    "crop_auc": {
      "mean": 0.8355011970766129,
      "std": 0.20104141168748785,
      "min": 0.5514427923387097,
      "max": 0.9977732574884792,
      "range": 0.4463304651497695
    },
    "damage_ap": {
      "mean": 0.5720281086214251,
      "std": 0.11837534095626975,
      "min": 0.35994909195188884,
      "max": 0.6798880110052735,
      "range": 0.3199389190533847
    },
    "occlusion_ap": {
      "mean": 0.7193502861338589,
      "std": 0.12841464072722147,
      "min": 0.49001321413876203,
      "max": 0.8361284496229823,
      "range": 0.34611523548422024
    },
    "crop_ap": {
      "mean": 0.5983928972447095,
      "std": 0.42135262198324064,
      "min": 0.052356542128987105,
      "max": 0.9778763845399503,
      "range": 0.9255198424109632
    },
    "macro_auc": {
      "mean": 0.842701625328914,
      "std": 0.10414581248048897,
      "min": 0.6692012055506448,
      "max": 0.9303158459799853,
      "range": 0.2611146404293405
    },
    "macro_ap": {
      "mean": 0.6299237639999977,
      "std": 0.2163642844256813,
      "min": 0.30219577588697677,
      "max": 0.8219540553438011,
      "range": 0.5197582794568243
    },
    "total_samples": {
      "mean": 3632.0,
      "std": 0.0,
      "min": 3632.0,
      "max": 3632.0,
      "range": 0.0
    }
  },
  "efficiency_analysis": {
    "efficiency_ranking": [
      {
        "model": "model_a",
        "training_time": 0.14656881676779854,