Variant,Status,Best F1,Best Epoch,Training Time (h),Error
model_a,Success,0.7786990254661451,25,0.6887831855482526,
model_b,Success,0.7847753271156064,9,1.500985261996587,
model_c,Success,0.7826767070219453,47,3.8263109235631094,
model_d,Success,0.7839708998951486,17,2.2504774895641537,
