{
  "best_performers": {
    "macro_f1": {
      "model": "model_b",
      "value": 0.803646184223019
    },
    "macro_precision": {
      "model": "model_c",
      "value": "0.8077728"
    },
    "macro_recall": {
      "model": "model_a",
      "value": "0.81821966"
    },
    "hamming_accuracy": {
      "model": "model_c",
      "value": 0.919878533053025
    },
    "exact_match_accuracy": {
      "model": "model_c",
      "value": 0.7741415557112824
    }
  },
  "ranking_table": "   Rank    Model  Macro F1  Macro Precision  Macro Recall  Hamming Accuracy  Exact Match  Damage F1  Occlusion F1   Crop F1  Training Time (h)  Best Epoch  Val Loss Ratio\n1     1  model_b  0.803646         0.801534      0.806410          0.918827     0.773371   0.646791      0.795523  0.968624           1.258383          21        0.954724\n3     2  model_d  0.791980         0.793811      0.790652          0.918080     0.772880   0.638620      0.798773  0.938548           1.408325          22        0.787367\n2     3  model_c  0.788992         0.807773      0.771110          0.919879     0.774142   0.633289      0.795780  0.937909           1.311747          20        0.747666\n0     4  model_a  0.344147         0.257633      0.818220          0.444750     0.037170   0.416812      0.530051  0.085577           0.146569           1        0.389299",
  "statistical_summary": {
    "damage_f1": {
      "mean": 0.583877946529993,
      "std": 0.0965755092756435,
      "min": 0.41681174239871865,
      "max": 0.646790884965428,
      "range": 0.22997914256670937
    },
    "damage_tp": {
      "mean": 1900.5,
      "std": 617.6076829185337,
      "min": 838.0,
      "max": 2343.0,
      "range": 1505.0
    },
    "damage_fp": {
      "mean": 1547.0,
      "std": 439.68340882958046,
      "min": 1133.0,
      "max": 2287.0,
      "range": 1154.0
    },
    "damage_fn": {
      "mean": 944.0,
      "std": 516.5292828097938,
      "min": 58.0,
      "max": 1350.0,
      "range": 1292.0
    },
    "damage_tn": {
      "mean": 7219.0,
      "std": 3910.0411123158283,
      "min": 449.0,
      "max": 9643.0,
      "range": 9194.0
    },
    "damage_support": {
      "mean": 2844.5,
      "std": 1124.966999515986,
      "min": 896.0,
      "max": 3494.0,
      "range": 2598.0
    },
    "occlusion_f1": {
      "mean": 0.7300317471466111,
      "std": 0.11546618409782933,
      "min": 0.5300506937260732,
      "max": 0.7987732650767764,
      "range": 0.2687225713507032
    },
    "occlusion_tp": {
      "mean": 1365.5,
      "std": 577.0808002351143,
      "min": 366.0,
      "max": 1706.0,
      "range": 1340.0
    },
    "occlusion_fp": {
      "mean": 402.75,
      "std": 20.51066795596867,
      "min": 374.0,
      "max": 430.0,
      "range": 56.0
    },
    "occlusion_fn": {
      "mean": 409.75,
      "std": 110.23015694445871,
      "min": 219.0,
      "max": 479.0,
      "range": 260.0
    },
    "occlusion_tn": {
      "mean": 9432.5,
      "std": 3934.9527633759467,
      "min": 2617.0,
      "max": 11724.0,
      "range": 9107.0
    },
    "occlusion_support": {
      "mean": 1775.25,
      "std": 687.1911579029521,
      "min": 585.0,
      "max": 2172.0,
      "range": 1587.0
    },
    "crop_f1": {
      "mean": 0.7326644541401284,
      "std": 0.3738019295367017,
      "min": 0.08557749818919674,
      "max": 0.9686242700618648,
      "range": 0.883046771872668
    },
    "crop_tp": {
      "mean": 476.75,
      "std": 192.94477836935624,
      "min": 143.0,
      "max": 602.0,
      "range": 459.0
    },
    "crop_fp": {
      "mean": 780.0,
      "std": 1304.2624352483667,
      "min": 16.0,
      "max": 3039.0,
      "range": 3023.0
    },
    "crop_fn": {
      "mean": 32.0,
      "std": 13.152946437965905,
      "min": 17.0,
      "max": 51.0,
      "range": 34.0
    },
    "crop_tn": {
      "mean": 10321.75,
      "std": 5709.278911342482,
      "min": 433.0,
      "max": 13629.0,
      "range": 13196.0
    },
    "crop_support": {
      "mean": 508.75,
      "std": 201.350906379882,
      "min": 160.0,
      "max": 625.0,
      "range": 465.0
    },
    "exact_match_accuracy": {
      "mean": 0.5893905087997678,
      "std": 0.3188252053538979,
      "min": 0.03716960352422907,
      "max": 0.7741415557112824,
      "range": 0.7369719521870534
    },
    "hamming_accuracy": {
      "mean": 0.8003840412045027,
      "std": 0.20532619158334378,
      "min": 0.4447503671071953,
      "max": 0.919878533053025,
      "range": 0.47512816594582974
    },
    "macro_f1": {
      "mean": 0.6821913826055775,
      "std": 0.1952470087207051,
      "min": 0.3441466447713295,
      "max": 0.803646184223019,
      "range": 0.45949953945168953
    },
    "micro_f1": {
      "mean": 0.6196315490207922,
      "std": 0.17988745782702595,
      "min": 0.30809699664951906,
      "max": 0.7280269481347976,
      "range": 0.41992995148527856
    },
    "weighted_precision": {
      "mean": 0.6246652784398967,
      "std": 0.17906785749695428,
      "min": 0.31471310386128865,
      "max": 0.7385060513006297,
      "range": 0.4237929474393411
    },
    "weighted_recall": {
      "mean": 0.7466186062316651,
      "std": 0.0448872231895886,
      "min": 0.7017962398883023,
      "max": 0.8208409644059479,
      "range": 0.11904472451764558
    },
    "weighted_f1": {
      "mean": 0.6495909599904497,
      "std": 0.1297879681787924,
      "min": 0.42488444651387947,
      "max": 0.7301151391727518,
      "range": 0.30523069265887237
    },
    "damage_auc": {
      "mean": 0.7941607117836884,
      "std": 0.08671023956233304,
      "min": 0.6442365271903717,
      "max": 0.8498836190283141,
      "range": 0.2056470918379424
    },
    "occlusion_auc": {
      "mean": 0.9091530093858872,
      "std": 0.056355890752525874,
      "min": 0.8119242971228531,
      "max": 0.9483226988799572,
      "range": 0.13639840175710416
    },
    "crop_auc": {
      "mean": 0.8796605515108409,
      "std": 0.18952075372954674,
      "min": 0.5514427923387097,
      "max": 0.9927623012092341,
      "range": 0.4413195088705244
    },
    "damage_ap": {
      "mean": 0.5911029644454657,
      "std": 0.13362284120392035,
      "min": 0.35994909195188884,
      "max": 0.6750836219726029,
      "range": 0.315134530020714
    },
    "occlusion_ap": {
      "mean": 0.7406052937063455,
      "std": 0.14505503040767115,
      "min": 0.49001321413876203,
      "max": 0.8343251673805523,
      "range": 0.34431195324179026
    },
    "crop_ap": {
      "mean": 0.7010721000039979,
      "std": 0.37452699277783275,
      "min": 0.05662502157027937,
      "max": 0.9639092913274706,
      "range": 0.9072842697571912
    },
    "macro_auc": {
      "mean": 0.8609914242268055,
      "std": 0.11080930876775652,
      "min": 0.6692012055506448,
      "max": 0.929421072623876,
      "range": 0.2602198670732312
    },
    "macro_ap": {
      "mean": 0.677593452718603,
      "std": 0.21732331271913438,
      "min": 0.30219577588697677,
      "max": 0.8174013252223858,
      "range": 0.5152055493354091
    },
    "total_samples": {
      "mean": 11610.5,
      "std": 4606.389122729429,
      "min": 3632.0,
      "max": 14270.0,
      "range": 10638.0
    }
  },
  "efficiency_analysis": {
    "efficiency_ranking": [
      {
        "model": "model_a",
        "training_time": 0.14656881676779854,
        "f1_score": 0.3441466447713295,
        "efficiency_score": 2.3480208980368817
      },
      {
        "model": "model_b",
        "training_time": 1.258382595512602,
        "f1_score": 0.803646184223019,
        "efficiency_score": 0.6386342175176491
      },
      {
        "model": "model_c",
        "training_time": 1.3117467192146512,
        "f1_score": 0.7889923947282376,
        "efficiency_score": 0.6014822702972803
      },
      {
        "model": "model_d",
        "training_time": 1.4083252636591594,
        "f1_score": 0.7919803066997241,
        "efficiency_score": 0.5623561027670365
      }
    ],