Variant,Status,Best F1,Best Epoch,Training Time (h),Error
model_a,Success,0.38568164009779277,2,0.14656881676779854,
model_b,Success,0.7897968347371954,22,1.258382595512602,
model_c,Success,0.7749080592125352,21,1.3117467192146512,
model_d,Success,0.7926743817465475,23,1.4083252636591594,
