Rank,Model,Macro F1,Macro Precision,Macro Recall,Hamming Accuracy,Exact Match,Damage F1,Occlusion F1,Crop F1,Training Time (h),Best Epoch,Val Loss Ratio
1,model_b,0.803646184223019,0.8015335,0.8064098,0.9188273767811259,0.7733707077785564,0.646790884965428,0.7955233976417638,0.9686242700618648,1.258382595512602,21,0.9547236283323752
2,model_d,0.7919803066997241,0.79381084,0.7906515,0.9180798878766643,0.7728801681850035,0.6386201191386458,0.7987732650767764,0.9385475358837502,1.4083252636591594,22,0.787366589460554
3,model_c,0.7889923947282376,0.8077728,0.7711103,0.919878533053025,0.7741415557112824,0.6332890396171795,0.7957796321418316,0.9379085124257016,1.3117467192146512,20,0.7476657072095417
4,model_a,0.3441466447713295,0.2576331,0.81821966,0.4447503671071953,0.03716960352422907,0.41681174239871865,0.5300506937260732,0.08557749818919674,0.14656881676779854,1,0.3892991250587434
