Rank,Model,Macro F1,Macro Precision,Macro Recall,Hamming Accuracy,Exact Match,Damage F1,Occlusion F1,Crop F1,Training Time (h),Best Epoch,Val Loss Ratio
1,model_b,0.8061841017978937,0.8038266,0.8087034,0.9187775330396476,0.7772577092511013,0.6469298215160446,0.8030690472598891,0.9685534366177473,1.258382595512602,21,0.9547236283323752
2,model_d,0.7892913085580616,0.7783456,0.8010945,0.9162077826725403,0.7736784140969163,0.6435160201414485,0.8003457547919716,0.9240121507407646,1.4083252636591594,22,0.787366589460554
3,model_c,0.7865954099293949,0.80837536,0.7665687,0.918593979441997,0.7747797356828194,0.6359930146512026,0.7952218143522348,0.9285714007847473,1.3117467192146512,20,0.7476657072095417
4,model_h,0.778668098249289,0.7879732,0.7723736,0.9073054331864905,0.7425660792951542,0.6070861826864423,0.769927544980565,0.9589905670808595,2.9943484770589404,37,0.8490104462135339
5,model_g,0.7672236056009529,0.77172154,0.76445746,0.9043685756240822,0.7362334801762115,0.6038135606233702,0.7585601069044517,0.9392971492750366,3.131372367872132,49,0.8581123850902743
6,model_f,0.42479675292005803,0.41529754,0.5235666,0.7802863436123348,0.4573237885462555,0.4971849589023141,0.6673151897676405,0.1098901100902195,0.24364932152960037,3,0.9253665869021807
7,model_e,0.3500102164427003,0.23825377,0.8991542,0.4518171806167401,0.05148678414096916,0.46535213552129634,0.4939822060324065,0.09069630777439801,0.2118244198958079,1,0.615129571063799
8,model_a,0.3441466447713295,0.2576331,0.81821966,0.4447503671071953,0.03716960352422907,0.41681174239871865,0.5300506937260732,0.08557749818919674,0.14656881676779854,1,0.3892991250587434
