{
    "overall_accuracy": 0.8899392302498312,
    "per_class_metrics": {
        "Damage": {
            "accuracy": 0.7359891964888589,
            "precision": 0.8260869565214997,
            "recall": 0.2830188679245002
        },
        "Occlusion": {
            "accuracy": 0.9395678595543552,
            "precision": 0.8623481781374773,
            "recall": 0.793296089385327
        },
        "Crop": {
            "accuracy": 0.9942606347062796,
            "precision": 0.9921259842511873,
            "recall": 0.887323943661347
        }
    }
}